{
    "Br": {
        "q_c_Br_0": 33.66392358646949,
        "q_s_Br_0": -34.66392358646949,
        "z2_Br_0": 4.7802370930536195,
        "q_c_Br_1": 33.94126159376446,
        "q_s_Br_1": -34.94126159376446,
        "z2_Br_1": 5.8967002912364,
        "q_c_Br_2": 35.176357150669304,
        "q_s1_Br_2": -28.625455669336517,
        "q_s2_Br_2": -7.550901481332787,
        "z1_Br_2": 2.8976788101464392,
        "z2_Br_2": 26.56677462252151,
        "q_c_Br_3": 34.991639206614884,
        "q_s1_Br_3": -15.991639206614888,
        "q_s2_Br_3": -19.999999999999996,
        "z1_Br_3": 15.939086132332488,
        "z2_Br_3": 3.93677795242994
    },
    "F": {
        "q_c_F_0": 8.74734895136187,
        "q_s_F_0": -9.74734895136187,
        "z2_F_0": 2.9381990271501928,
        "q_c_F_1": 8.796358211677756,
        "q_s_F_1": -9.796358211677756,
        "z2_F_1": 3.597466599757601,
        "q_c_F_2": 8.995830313798647,
        "q_s1_F_2": -1.894510886211041,
        "q_s2_F_2": -8.101319427587606,
        "z1_F_2": 14.971572166390617,
        "z2_F_2": 1.9375358423113014,
        "q_c_F_3": 9.000025022770886,
        "q_s1_F_3": -2.3204023378783276,
        "q_s2_F_3": -7.679622684892559,
        "z1_F_3": 15.187303297034147,
        "z2_F_3": 4.029007920066331
    },
    "Cl": {
        "q_c_Cl_0": 15.999999999999998,
        "q_s_Cl_0": -17.0,
        "z2_Cl_0": 3.236275142707675,
        "q_c_Cl_1": 16.361399391335922,
        "q_s_Cl_1": -17.361399391335922,
        "z2_Cl_1": 3.9999999999999996,
        "q_c_Cl_2": 16.844593934435007,
        "q_s1_Cl_2": -7.844593934435014,
        "q_s2_Cl_2": -9.999999999999993,
        "z1_Cl_2": 9.767079622070689,
        "z2_Cl_2": 1.2579885240851862,
        "q_c_Cl_3": 16.988394940336537,
        "q_s1_Cl_3": -14.113483829449287,
        "q_s2_Cl_3": -3.87491111088725,
        "z1_Cl_3": 2.5557390248117815,
        "z2_Cl_3": 39.99999999995949
    },
    "Li": {
        "q_c_Li_0": 2.9891556446685748,
        "q_s_Li_0": -1.9891556446685748,
        "z2_Li_0": 4.155352379021593,
        "q_c_Li_1": 2.9993271645282045,
        "q_s_Li_1": -1.9993271645282045,
        "z2_Li_1": 5.027511385707369,
        "q_c_Li_2": 2.999787301653722,
        "q_s1_Li_2": -1.4144322910202511,
        "q_s2_Li_2": -0.5853550106334708,
        "z1_Li_2": 3.1241923429288376,
        "z2_Li_2": 7.676182273143184,
        "q_c_Li_3": 3.000592647751321,
        "q_s1_Li_3": -1.9453161310750082,
        "q_s2_Li_3": -0.05527651667631285,
        "z1_Li_3": 4.878902885037848,
        "z2_Li_3": 23.235489007924738
    },
    "Na": {
        "q_c_Na_0": 10.741488626203754,
        "q_s_Na_0": -9.741488626203754,
        "z2_Na_0": 4.074549673520601,
        "q_c_Na_1": 10.80394741356714,
        "q_s_Na_1": -9.80394741356714,
        "z2_Na_1": 4.9934362765300335,
        "q_c_Na_2": 11.002735015215617,
        "q_s1_Na_2": -1.7562232020927517,
        "q_s2_Na_2": -8.246511813122865,
        "z1_Na_2": 19.531294875714067,
        "z2_Na_2": 2.8592588145040607,
        "q_c_Na_3": 11.00973884837056,
        "q_s1_Na_3": -8.78182089326308,
        "q_s2_Na_3": -1.2279179551074813,
        "z1_Na_3": 3.813922486151938,
        "z2_Na_3": 52.51385545732529
    },
    "K": {
        "q_c_K_0": 18.38789890742478,
        "q_s_K_0": -17.38789890742478,
        "z2_K_0": 4.305713268947782,
        "q_c_K_1": 18.50855071074804,
        "q_s_K_1": -17.50855071074804,
        "z2_K_1": 5.286370339755782,
        "q_c_K_2": 19.00531547553027,
        "q_s1_K_2": -13.637153035198802,
        "q_s2_K_2": -4.368162440331469,
        "z1_K_2": 2.4680277176115286,
        "z2_K_2": 19.39925101695737,
        "q_c_K_3": 18.96919393637836,
        "q_s1_K_3": -13.634406458896983,
        "q_s2_K_3": -4.3347874774813775,
        "z1_K_3": 3.023482311450947,
        "z2_K_3": 39.99999999999998
    }
}
