{
    "Br": {
        "q_c_Br_0": 33.66392359879289,
        "q_s_Br_0": -34.66392359879289,
        "z2_Br_0": 4.780237105723915,
        "q_c_Br_1": 33.94126159794729,
        "q_s_Br_1": -34.94126159794729,
        "z2_Br_1": 5.896700296022518,
        "q_c_Br_2": 35.176357171642664,
        "q_s1_Br_2": -28.62545560612609,
        "q_s2_Br_2": -7.5509015655165745,
        "z1_Br_2": 26.566774543247753,
        "z2_Br_2": 2.8976788017874853,
        "q_c_Br_3": 34.99163922850939,
        "q_s1_Br_3": -15.991639228509396,
        "q_s2_Br_3": -19.999999999999996,
        "z1_Br_3": 3.936777966240447,
        "z2_Br_3": 15.939086216173017
    },
    "F": {
        "q_c_F_0": 8.747348952266472,
        "q_s_F_0": -9.747348952266472,
        "z2_F_0": 2.9381990317567834,
        "q_c_F_1": 8.796358206630405,
        "q_s_F_1": -9.796358206630405,
        "z2_F_1": 3.5974665770643424,
        "q_c_F_2": 8.995830069609134,
        "q_s1_F_2": -8.101314309652441,
        "q_s2_F_2": -1.894515759956694,
        "z1_F_2": 14.971534700695429,
        "z2_F_2": 1.9375339984275737,
        "q_c_F_3": 9.000025022280642,
        "q_s1_F_3": -2.3204023543267445,
        "q_s2_F_3": -7.679622667953898,
        "z1_F_3": 4.029007909065034,
        "z2_F_3": 15.187303196339352
    },
    "Cl": {
        "q_c_Cl_0": 15.999999999999998,
        "q_s_Cl_0": -17.0,
        "z2_Cl_0": 3.2362751400462235,
        "q_c_Cl_1": 16.361399392216242,
        "q_s_Cl_1": -17.361399392216242,
        "z2_Cl_1": 3.9999999999999996,
        "q_c_Cl_2": 16.84459317829444,
        "q_s1_Cl_2": -7.844593178294497,
        "q_s2_Cl_2": -9.999999999999941,
        "z1_Cl_2": 1.2579891218645132,
        "z2_Cl_2": 9.767073441313306,
        "q_c_Cl_3": 16.988394920635088,
        "q_s1_Cl_3": -14.11348392276256,
        "q_s2_Cl_3": -3.874910997872527,
        "z1_Cl_3": 39.99999999995977,
        "z2_Cl_3": 2.5557390729186613
    },
    "Li": {
        "q_c_Li_0": 2.9891556447156145,
        "q_s_Li_0": -1.9891556447156145,
        "z2_Li_0": 4.15535237971295,
        "q_c_Li_1": 2.9993271646006687,
        "q_s_Li_1": -1.9993271646006687,
        "z2_Li_1": 5.0275113874144735,
        "q_c_Li_2": 2.9997873016617658,
        "q_s1_Li_2": -1.4144322976091854,
        "q_s2_Li_2": -0.5853550040525802,
        "z1_Li_2": 7.676182303928308,
        "z2_Li_2": 3.1241923518992816,
        "q_c_Li_3": 3.0005926480489244,
        "q_s1_Li_3": -1.9453161509170893,
        "q_s2_Li_3": -0.05527649713183516,
        "z1_Li_3": 23.235492597993478,
        "z2_Li_3": 4.878902914393826
    },
    "Na": {
        "q_c_Na_0": 10.741488629712626,
        "q_s_Na_0": -9.741488629712626,
        "z2_Na_0": 4.074549685284485,
        "q_c_Na_1": 10.803947411003264,
        "q_s_Na_1": -9.803947411003264,
        "z2_Na_1": 4.993436263809498,
        "q_c_Na_2": 11.002735014556656,
        "q_s1_Na_2": -1.7562232266517999,
        "q_s2_Na_2": -8.246511787904856,
        "z1_Na_2": 2.859258802128306,
        "z2_Na_2": 19.53129465136044,
        "q_c_Na_3": 11.00973885044947,
        "q_s1_Na_3": -8.78182090601274,
        "q_s2_Na_3": -1.2279179444367292,
        "z1_Na_3": 52.51385607652231,
        "z2_Na_3": 3.813922493304937
    },
    "K": {
        "q_c_K_0": 18.387898904308656,
        "q_s_K_0": -17.387898904308656,
        "z2_K_0": 4.305713263845559,
        "q_c_K_1": 18.508550702678527,
        "q_s_K_1": -17.508550702678527,
        "z2_K_1": 5.286370317159765,
        "q_c_K_2": 19.00531546859156,
        "q_s1_K_2": -13.637153008062167,
        "q_s2_K_2": -4.368162460529394,
        "z1_K_2": 19.399250910699866,
        "z2_K_2": 2.468027698698165,
        "q_c_K_3": 18.969193936286445,
        "q_s1_K_3": -13.634406461150817,
        "q_s2_K_3": -4.334787475135627,
        "z1_K_3": 39.99999999999998,
        "z2_K_3": 3.023482313792476
    }
}
