{
    "Br": {
        "q_c_Br_0": 3.691627127219821,
        "q_s_Br_0": -4.691627127219821,
        "z2_Br_0": 0.8451604424682407,
        "q_c_Br_1": 8.886109030435893,
        "q_s_Br_1": -9.886109030435893,
        "z2_Br_1": 1.5252871045083882,
        "q_c_Br_2": 6.70900395952557,
        "q_s1_Br_2": -6.39606178204221,
        "q_s2_Br_2": -1.3129421774833603,
        "z1_Br_2": 0.6547620042479687,
        "z2_Br_2": 1.1158593266171668,
        "q_c_Br_3": 9.374153092417753,
        "q_s1_Br_3": -4.7712805975575,
        "q_s2_Br_3": -5.602872494860253,
        "z1_Br_3": 2.7644140735361367,
        "z2_Br_3": 1.330659429513683
    },
    "F": {
        "q_c_F_0": 0.28416016335100724,
        "q_s_F_0": -1.2841601633510074,
        "z2_F_0": 0.9562945866132655,
        "q_c_F_1": 2.309725398465713,
        "q_s_F_1": -3.309725398465713,
        "z2_F_1": 1.8120993107069325,
        "q_c_F_2": 1.3617995373998537,
        "q_s1_F_2": -0.26308342584580036,
        "q_s2_F_2": -2.0987161115540536,
        "z1_F_2": 1.2289149628216869,
        "z2_F_2": 0.7175147353945572,
        "q_c_F_3": 2.534486386186564,
        "q_s1_F_3": -0.9536428396799135,
        "q_s2_F_3": -2.5808435465066504,
        "z1_F_3": 3.0838367365046757,
        "z2_F_3": 1.466084878772383
    },
    "Cl": {
        "q_c_Cl_0": 2.6319706833012027,
        "q_s_Cl_0": -3.6319706833012027,
        "z2_Cl_0": 0.8746392870917353,
        "q_c_Cl_1": 7.055927162656296,
        "q_s_Cl_1": -8.055927162656296,
        "z2_Cl_1": 1.5994363547411694,
        "q_c_Cl_2": 5.449512448371415,
        "q_s1_Cl_2": -5.366472351809017,
        "q_s2_Cl_2": -1.083040096562398,
        "z1_Cl_2": 0.6895661753465236,
        "z2_Cl_2": 1.1760150768811384,
        "q_c_Cl_3": 8.872626360395742,
        "q_s1_Cl_3": -4.531174206861135,
        "q_s2_Cl_3": -5.341452153534607,
        "z1_Cl_3": 3.1290510995611425,
        "z2_Cl_3": 1.4315356061726863
    },
    "Li": {
        "q_c_Li_0": 1.0003668906004148,
        "q_s_Li_0": -0.00036689060041483756,
        "z2_Li_0": 0.10000000000000002,
        "q_c_Li_1": 1.0003558973674094,
        "q_s_Li_1": -0.0003558973674093746,
        "z2_Li_1": 0.10186403578457173,
        "q_c_Li_2": 1.00035214488278,
        "q_s1_Li_2": 0.23170035306583606,
        "q_s2_Li_2": -0.23205249794861596,
        "z1_Li_2": 0.1000002722216599,
        "z2_Li_2": 0.10002342520198415,
        "q_c_Li_3": 1.000252990000321,
        "q_s1_Li_3": 0.009747009999679028,
        "q_s2_Li_3": -0.010000000000000002,
        "z1_Li_3": 0.186433742545997,
        "z2_Li_3": 0.10000000000000005
    },
    "Na": {
        "q_c_Na_0": 1.3564060954635413,
        "q_s_Na_0": -0.3564060954635413,
        "z2_Na_0": 1.4312677020555629,
        "q_c_Na_1": 3.9853615798696036,
        "q_s_Na_1": -2.9853615798696036,
        "z2_Na_1": 3.297200924161227,
        "q_c_Na_2": 2.733312776150981,
        "q_s1_Na_2": -1.7233127761509808,
        "q_s2_Na_2": -0.010000000000000273,
        "z1_Na_2": 0.8427538699382474,
        "z2_Na_2": 1.7974119502182093,
        "q_c_Na_3": 3.5070587248973513,
        "q_s1_Na_3": -0.00033696251988857284,
        "q_s2_Na_3": -2.5067217623774627,
        "z1_Na_3": 4.442211474191142,
        "z2_Na_3": 0.10000000000000002
    },
    "K": {
        "q_c_K_0": 3.881616902396017,
        "q_s_K_0": -2.881616902396017,
        "z2_K_0": 1.267874949442001,
        "q_c_K_1": 16.50403806542283,
        "q_s_K_1": -15.50403806542283,
        "z2_K_1": 2.7480100113526684,
        "q_c_K_2": 6.358317115835474,
        "q_s1_K_2": -0.5743439829347716,
        "q_s2_K_2": -4.7839731329007025,
        "z1_K_2": 1.5132612989715517,
        "z2_K_2": 1.0549823616716538,
        "q_c_K_3": 7.775950773936199,
        "q_s1_K_3": -0.008714148783738551,
        "q_s2_K_3": -6.76723662515246,
        "z1_K_3": 3.4029822823986353,
        "z2_K_3": 1.0000000000000002
    }
}
