{
    "Br": {
        "q_c_Br_0": 1.0000000000000087,
        "q_s_Br_0": -2.000000000000009,
        "z2_Br_0": 0.7013989315445556,
        "q_c_Br_1": 5.380560224517921,
        "q_s_Br_1": -6.380560224517921,
        "z2_Br_1": 1.3883128428721563,
        "q_c_Br_2": 5.098918332325165,
        "q_s1_Br_2": -4.494257920807252,
        "q_s2_Br_2": -1.604660411517913,
        "z1_Br_2": 0.6727927836627591,
        "z2_Br_2": 4.941924340839731,
        "q_c_Br_3": 5.01453180886812,
        "q_s1_Br_3": -3.1624197334473356,
        "q_s2_Br_3": -2.8521120754207843,
        "z1_Br_3": 1.7188787020349043,
        "z2_Br_3": 8.117326025150435
    },
    "F": {
        "q_c_F_0": 0.10000000000000003,
        "q_s_F_0": -1.1,
        "z2_F_0": 0.8825232754724321,
        "q_c_F_1": 1.000000000000005,
        "q_s_F_1": -2.0000000000000053,
        "z2_F_1": 1.632713776144064,
        "q_c_F_2": 9.298499839873603,
        "q_s1_F_2": -0.2984998882853045,
        "q_s2_F_2": -9.999999951588299,
        "z1_F_2": 1.4671794549889052,
        "z2_F_2": 0.7279572965950166,
        "q_c_F_3": 1.0227877456796026,
        "q_s1_F_3": -1.3437758934666402,
        "q_s2_F_3": -0.6790118522129623,
        "z1_F_3": 1.9330175871224076,
        "z2_F_3": 4.956506675313459
    },
    "Cl": {
        "q_c_Cl_0": 1.0000000000000002,
        "q_s_Cl_0": -2.0,
        "z2_Cl_0": 0.7618239256814565,
        "q_c_Cl_1": 4.0839819992998825,
        "q_s_Cl_1": -5.0839819992998825,
        "z2_Cl_1": 1.4539921905164983,
        "q_c_Cl_2": 5.92433953317987,
        "q_s1_Cl_2": -1.169553490674911,
        "q_s2_Cl_2": -5.754786042504959,
        "z1_Cl_2": 2.3943936188193775,
        "z2_Cl_2": 0.694034300424329,
        "q_c_Cl_3": 13.519176813618193,
        "q_s1_Cl_3": -13.700621835130502,
        "q_s2_Cl_3": -0.8185549784876908,
        "z1_Cl_3": 1.5805177950793976,
        "z2_Cl_3": 2.0246997920821737
    },
    "Li": {
        "q_c_Li_0": 1.0003707740759118,
        "q_s_Li_0": -0.000370774075911795,
        "z2_Li_0": 0.10000000000004859,
        "q_c_Li_1": 1.000351119324961,
        "q_s_Li_1": -0.0003511193249610134,
        "z2_Li_1": 0.10000000000006287,
        "q_c_Li_2": 2.0003978758534067,
        "q_s1_Li_2": 0.610162978947439,
        "q_s2_Li_2": -1.6105608548008457,
        "z1_Li_2": 1.2345225281628585,
        "z2_Li_2": 1.2345314550691473,
        "q_c_Li_3": 2.34166524532097,
        "q_s1_Li_3": -1.33166524532097,
        "q_s2_Li_3": -0.010000000000000002,
        "z1_Li_3": 1.584045068516812,
        "z2_Li_3": 10.14186847925862
    },
    "Na": {
        "q_c_Na_0": 1.0003770797867313,
        "q_s_Na_0": -0.0003770797867312936,
        "z2_Na_0": 0.10000000000005549,
        "q_c_Na_1": 1.0003570136744209,
        "q_s_Na_1": -0.0003570136744208696,
        "z2_Na_1": 0.10000000000007384,
        "q_c_Na_2": 18.278157498789366,
        "q_s1_Na_2": -17.268157498789364,
        "q_s2_Na_2": -0.010000000000000002,
        "z1_Na_2": 0.6974269750291132,
        "z2_Na_2": 14.635904710717275,
        "q_c_Na_3": 7.292232141391167,
        "q_s1_Na_3": -6.282232141391167,
        "q_s2_Na_3": -0.010000000000000002,
        "z1_Na_3": 1.574239429491732,
        "z2_Na_3": 11.612168161508894
    },
    "K": {
        "q_c_K_0": 1.0330892225299315,
        "q_s_K_0": -0.03308922252993152,
        "z2_K_0": 0.7188057766532984,
        "q_c_K_1": 1.116824744250334,
        "q_s_K_1": -0.11682474425033407,
        "z2_K_1": 1.4481090580291565,
        "q_c_K_2": 5.205802659057344,
        "q_s1_K_2": -0.03308755900591187,
        "q_s2_K_2": -4.172715100051432,
        "z1_K_2": 3.731481290299937,
        "z2_K_2": 0.7187993091216993,
        "q_c_K_3": 18.99999999990186,
        "q_s1_K_3": -17.98999999990186,
        "q_s2_K_3": -0.010000000000000002,
        "z1_K_3": 1.3584512137505507,
        "z2_K_3": 3.036365673162469
    }
}
